{"certificateAuthorities":{"ca-org1":{"caName":"ca-org1","httpOptions":{"verify":true},"registrar":{"enrollId":"admin","enrollSecret":"adminpw"},"tlsCACerts":{"client":{"certfile":"$GOPATH/src/github.com/hyperledger/fabric-sdk-go/test/api-server/tls/fabricca/certs/client/client_fabric_client.pem","keyfile":"$GOPATH/src/github.com/hyperledger/fabric-sdk-go/test/api-server/tls/fabricca/certs/client/client_fabric_client-key.pem"},"path":"$GOPATH/src/github.com/hyperledger/fabric-sdk-go/test/api-server/tls/fabricca/certs/ca_root.pem"},"url":"https://ca_peerOrg1:7054"}},"channels":{"channel":{"chaincodes":["chaincode:2.0"],"orderers":["orderer-cacd9fb14737e2c46927351b08b32fa5382a6c1d-0.orderer-cacd9fb14737e2c46927351b08b32fa5382a6c1d.default.svc.cluster.local","orderer-cacd9fb14737e2c46927351b08b32fa5382a6c1d-1.orderer-cacd9fb14737e2c46927351b08b32fa5382a6c1d.default.svc.cluster.local"],"peers":{"peer-23a50bdc967535c209dd081bc2eebc3e657b274a-0.peer-23a50bdc967535c209dd081bc2eebc3e657b274a.default.svc.cluster.local:30605":{"chaincodeQuery":true,"endorsingPeer":true,"eventSource":true,"ledgerQuery":true},"peer-23a50bdc967535c209dd081bc2eebc3e657b274a-1.peer-23a50bdc967535c209dd081bc2eebc3e657b274a.default.svc.cluster.local:30606":{"chaincodeQuery":true,"endorsingPeer":true,"eventSource":true,"ledgerQuery":true}}}},"client":{"BCCSP":{"security":{"default":{"provider":"SW"},"enabled":true,"ephemeral":false,"hashAlgorithm":"SHA2","level":256,"softVerify":true}},"credentialStore":{"cryptoStore":{"path":"/tmp/msp"},"path":"/tmp/hfc-kvs","wallet":"wallet-name"},"cryptoconfig":{"path":"/opt/gopath/src/github.com/hyperledger/fabric"},"eventService":{"timeout":{"connection":"10s","registrationResponse":"50s"}},"logging":{"level":"info"},"orderer":{"timeout":{"connection":"10s","response":"45s"}},"organization":"23a50bdc967535c209dd081bc2eebc3e657b274a","peer":{"timeout":{"connection":"10s","executeTxResponse":"120s","queryResponse":"45s"}}},"description":"The network to be in if you want to stay in the global trade business","name":"global-trade-network","orderer-eip":"121.36.156.108","orderers":{"orderer-cacd9fb14737e2c46927351b08b32fa5382a6c1d-0.orderer-cacd9fb14737e2c46927351b08b32fa5382a6c1d.default.svc.cluster.local":{"grpcOptions":{"grpc-max-send-message-length":15,"ssl-target-name-override":"orderer-cacd9fb14737e2c46927351b08b32fa5382a6c1d-0.orderer-cacd9fb14737e2c46927351b08b32fa5382a6c1d.default.svc.cluster.local"},"tlsCACerts":{"path":"D:/code/huawei/blockchain/javasdkdemo/config/cacd9fb14737e2c46927351b08b32fa5382a6c1d.orderer/msp/tlscacerts/tlsca.cacd9fb14737e2c46927351b08b32fa5382a6c1d-cert.pem"},"url":"grpcs://121.36.156.108:30805"},"orderer-cacd9fb14737e2c46927351b08b32fa5382a6c1d-1.orderer-cacd9fb14737e2c46927351b08b32fa5382a6c1d.default.svc.cluster.local":{"grpcOptions":{"grpc-max-send-message-length":15,"ssl-target-name-override":"orderer-cacd9fb14737e2c46927351b08b32fa5382a6c1d-1.orderer-cacd9fb14737e2c46927351b08b32fa5382a6c1d.default.svc.cluster.local"},"tlsCACerts":{"path":"D:/code/huawei/blockchain/javasdkdemo/config/cacd9fb14737e2c46927351b08b32fa5382a6c1d.orderer/msp/tlscacerts/tlsca.cacd9fb14737e2c46927351b08b32fa5382a6c1d-cert.pem"},"url":"grpcs://121.36.156.108:30806"}},"organizations":{"23a50bdc967535c209dd081bc2eebc3e657b274a":{"certificateAuthorities":["ca-org1"],"cryptoPath":"D:/code/huawei/blockchain/javasdkdemo/config/23a50bdc967535c209dd081bc2eebc3e657b274a.peer/msp","mspid":"23a50bdc967535c209dd081bc2eebc3e657b274aMSP","peers":["peer-23a50bdc967535c209dd081bc2eebc3e657b274a-0.peer-23a50bdc967535c209dd081bc2eebc3e657b274a.default.svc.cluster.local:30605","peer-23a50bdc967535c209dd081bc2eebc3e657b274a-1.peer-23a50bdc967535c209dd081bc2eebc3e657b274a.default.svc.cluster.local:30606"],"tlsCryptoCertPath":"D:/code/huawei/blockchain/javasdkdemo/config/23a50bdc967535c209dd081bc2eebc3e657b274a.peer/tls/server.crt","tlsCryptoKeyPath":"D:/code/huawei/blockchain/javasdkdemo/config/23a50bdc967535c209dd081bc2eebc3e657b274a.peer/tls/server.key"},"ordererorg":{"cryptoPath":"D:/code/huawei/blockchain/javasdkdemo/config/cacd9fb14737e2c46927351b08b32fa5382a6c1d.orderer/msp","mspID":"cacd9fb14737e2c46927351b08b32fa5382a6c1dMSP"}},"peers":{"peer-23a50bdc967535c209dd081bc2eebc3e657b274a-0.peer-23a50bdc967535c209dd081bc2eebc3e657b274a.default.svc.cluster.local:30605":{"grpcOptions":{"grpc.http2.keepalive_time":15,"ssl-target-name-override":"peer-23a50bdc967535c209dd081bc2eebc3e657b274a-0.peer-23a50bdc967535c209dd081bc2eebc3e657b274a.default.svc.cluster.local"},"tlsCACerts":{"path":"D:/code/huawei/blockchain/javasdkdemo/config/23a50bdc967535c209dd081bc2eebc3e657b274a.peer/msp/tlscacerts/tlsca.23a50bdc967535c209dd081bc2eebc3e657b274a-cert.pem"},"url":"grpcs://121.36.156.108:30605"},"peer-23a50bdc967535c209dd081bc2eebc3e657b274a-1.peer-23a50bdc967535c209dd081bc2eebc3e657b274a.default.svc.cluster.local:30606":{"grpcOptions":{"grpc.http2.keepalive_time":15,"ssl-target-name-override":"peer-23a50bdc967535c209dd081bc2eebc3e657b274a-1.peer-23a50bdc967535c209dd081bc2eebc3e657b274a.default.svc.cluster.local"},"tlsCACerts":{"path":"D:/code/huawei/blockchain/javasdkdemo/config/23a50bdc967535c209dd081bc2eebc3e657b274a.peer/msp/tlscacerts/tlsca.23a50bdc967535c209dd081bc2eebc3e657b274a-cert.pem"},"url":"grpcs://121.36.156.108:30606"}},"version":"1.0.0","x-loggingLevel":"info","x-type":"hlfv1"}